epochs,test_accuracy,final_loss
100,0.8,1.0523593804449278
500,0.7666666666666667,0.5723086278355372
1000,0.8333333333333334,0.30854218940750533
2000,0.9,0.14180396014155652
