hidden_neurons,test_accuracy,final_loss
5,0.8,0.4029680865238
10,0.8333333333333334,0.30854218940750533
20,0.8333333333333334,0.2876022406442737
50,0.8666666666666667,0.24311181308428118
